class,id_text
na,"""532262899654623233"""
s,"""532339436907159553"""
na,"""531914195949092864"""
s,"""532192941062623232"""
s,"""534024859710279681"""
na,"""534118536063758337"""
s,"""534176184440213504"""
s,"""533704018770817024"""
s,"""531962680626929664"""
na,"""532517703052173312"""
o,"""533058624932040704"""
o,"""532936408776716289"""
o,"""532952371437916160"""
s,"""533388024235573248"""
na,"""532170829124370432"""
na,"""529815651284566016"""
s,"""533018878692327425"""
o,"""533291741692964865"""
s,"""532597463396274176"""
s,"""531366376766976001"""
s,"""531843630244179970"""
s,"""532238462703779840"""
o,"""533116656755953664"""
o,"""532940974885191681"""
s,"""532770682237878272"""
o,"""532980622634274817"""
na,"""531994838414012416"""
na,"""531854688027557888"""
o,"""531951409541824512"""
s,"""531981240186855424"""
na,"""534052827174563841"""
s,"""531975359647195136"""
s,"""531822525362483200"""
na,"""531966338890080256"""
o,"""532713468642611202"""
o,"""532044035327000576"""
s,"""533776732805820418"""
s,"""533711034838945792"""
na,"""532598484520935424"""
na,"""531871143075274752"""
o,"""533086453153411072"""
s,"""531951547052077056"""
s,"""531977521512726528"""
na,"""531939545634193408"""
s,"""530033780179103745"""
o,"""531885189580869632"""
o,"""531861864074858496"""
s,"""533651051233034240"""
s,"""532152761610027008"""
o,"""532952337892270080"""
s,"""533397584258535424"""
s,"""532907393697710080"""
s,"""531955825703940096"""
o,"""532676147344330752"""
s,"""531815978641129474"""
s,"""533579799303032832"""
o,"""533345204518912000"""
na,"""531955865750761472"""
na,"""533379136627015681"""
na,"""529685524244475904"""
o,"""534440334739398656"""
na,"""532985512462544897"""
o,"""531988058569068544"""
na,"""532111380866793474"""
s,"""531862679284367360"""
na,"""532050432839790592"""
o,"""534223139719221248"""
s,"""529473042242883584"""
na,"""533228328363106304"""
s,"""534032352368812032"""
na,"""533095392611934209"""
na,"""532111394779299840"""
o,"""534259127078244352"""
s,"""531882716073975808"""
na,"""532913858458169344"""
s,"""532574549028929536"""
o,"""532679078998863872"""
na,"""531936159341891585"""
s,"""531916319386779648"""
o,"""532761993397018624"""
o,"""534158105731694593"""
o,"""532662809650135040"""
o,"""534206251186798592"""
s,"""530817878086656001"""
s,"""531859835995054080"""
na,"""534405038047633409"""
s,"""533873479956062208"""
o,"""531994384410378241"""
s,"""532150449089282048"""
o,"""531924025950625792"""
na,"""531845695813087233"""
na,"""532547237956423680"""
s,"""531878889648562176"""
o,"""531832063280689152"""
s,"""532873056914386944"""
s,"""533314047757021185"""
na,"""532704189210578944"""
na,"""533821041349386240"""
o,"""532203998913511425"""
s,"""531961550664663040"""
na,"""531891136265076737"""
na,"""531874912693010432"""
na,"""532329209679462401"""
s,"""532254382726086657"""
s,"""534433758833672192"""
s,"""532749409214156801"""
s,"""531941286421331969"""
na,"""532678958249422848"""
na,"""532308415784030208"""
o,"""531971328182468609"""
s,"""532063573900808192"""
na,"""533292952467292160"""
s,"""531971483212316672"""
s,"""529759393228029952"""
na,"""532938969026019328"""
na,"""530420574997467136"""
s,"""531950777213149184"""
o,"""532026849447391233"""
o,"""531848199162847233"""
s,"""532716304256745472"""
na,"""533602115261067265"""
na,"""532111375980441600"""
o,"""532008194403737601"""
s,"""531597937873526784"""
o,"""532904336062681088"""
s,"""533400242411294720"""
o,"""533303776908959744"""
na,"""532376725905080321"""
o,"""533375141334376448"""
s,"""533697931342147586"""
na,"""531832438717030402"""
o,"""531989371101405184"""
o,"""531966384390295552"""
na,"""530727458233131009"""
na,"""533659939005558788"""
s,"""531882906164416512"""
o,"""532328394109632512"""
o,"""531900951863775232"""
na,"""532865493682888704"""
s,"""532704500109172736"""
na,"""533350930389794817"""
s,"""531589464460914688"""
na,"""533360283809357824"""
o,"""531950585851817984"""
na,"""532913412528164864"""
s,"""531984467104370689"""
na,"""531826144933601281"""
s,"""532455590233382912"""
s,"""530745228882612224"""
na,"""533013945544896514"""
s,"""532383336384053248"""
na,"""532506485151268864"""
s,"""533722904907632640"""
o,"""533114726499495936"""
s,"""532101818826780672"""
o,"""533448804129718273"""
o,"""533269943664390145"""
o,"""533645644779368448"""
o,"""532579581975220224"""
o,"""532240783525830656"""
o,"""532137516703698945"""
o,"""532213460445433857"""
s,"""531968101378953216"""
s,"""531860846298021890"""
s,"""531865436296454145"""
o,"""532166742743990272"""
o,"""533371095244898304"""
na,"""532611144809066496"""
na,"""534431855232024576"""
s,"""531982586323943424"""
na,"""531846813360611328"""
o,"""532239666297053184"""
na,"""532337989364752384"""
na,"""534189550138970113"""
o,"""534357812294721536"""
o,"""533056520234475520"""
s,"""532690454081732608"""
o,"""531961075349340162"""
s,"""533467606926508032"""
o,"""533675677187604481"""
o,"""532300217581068289"""
s,"""531395910958612480"""
s,"""531997437330980864"""
na,"""530118327893381120"""
o,"""532614025763254272"""
s,"""530128586813243393"""
s,"""531922939508060163"""
o,"""531826656214663168"""
s,"""531987426190053376"""
na,"""532420093875978240"""
s,"""533488660499279874"""
o,"""533796408521154562"""
o,"""534249889064947712"""
s,"""532466508379996160"""
s,"""531173133995479041"""
o,"""534389281842679808"""
na,"""531957818526818305"""
o,"""534151161348370433"""
o,"""531864820706865152"""
s,"""530477468881522689"""
s,"""531958012555317248"""
na,"""531948153637859328"""
o,"""532895431366561793"""
s,"""531849339405369344"""
o,"""532213493802733568"""
o,"""534213053739728896"""
o,"""533295388036317184"""
o,"""532010827755180032"""
s,"""533633837905883137"""
o,"""533356726364672000"""
s,"""532263083939741696"""
na,"""532242160058630144"""
o,"""531914590565961729"""
s,"""532362192155598848"""
o,"""530497150359449600"""
na,"""533017099048722432"""
s,"""533771241836933120"""
s,"""532267798832353280"""
o,"""532005088420974592"""
o,"""532540129789763584"""
na,"""532096795581906944"""
na,"""532535637044654080"""
s,"""533032084634599425"""
o,"""533307581306257409"""
na,"""532074349004881921"""
s,"""532703914013908993"""
o,"""534361942170017792"""
s,"""532213618809782272"""
na,"""532111386218729472"""
s,"""531988147585175552"""
o,"""531954378329305089"""
na,"""531841899767033857"""
na,"""532610661939834880"""
na,"""532692680858288128"""
s,"""532462060714852352"""
s,"""533053322442604544"""
s,"""531971311032336384"""
o,"""532025810304380928"""
o,"""531975298796249088"""
s,"""531886499563077632"""
na,"""531839233666088960"""
s,"""531907025698320385"""
o,"""533209672673550337"""
o,"""531988251742322688"""
s,"""532688649972748288"""
na,"""532578953945309184"""
s,"""532963944923955200"""
s,"""532368149422047233"""
na,"""532550998385242112"""
o,"""532997231956480001"""
s,"""533630739217395712"""
s,"""531836102525464576"""
s,"""531899152372736000"""
o,"""533271766026944512"""
s,"""532025772484362240"""
na,"""532519760886779904"""
s,"""534063247310069760"""
s,"""531919498711162881"""
na,"""533980868365537280"""
o,"""531957990698795008"""
o,"""532217219582001152"""
s,"""532053380332810241"""
o,"""533774527981813760"""
s,"""532501274994819072"""
s,"""532213871755685888"""
o,"""531875527788072960"""
na,"""534336743831400448"""
s,"""532713282520760320"""
na,"""531981597130510336"""
s,"""531816310196301824"""
o,"""532608752370077696"""
s,"""534040643056971776"""
na,"""532189281406959616"""
na,"""531832811066376192"""
s,"""532384987753218048"""
s,"""531946129400004608"""
na,"""532956339182379008"""
s,"""532624928550686720"""
o,"""532037803698581505"""
s,"""531860016593379328"""
s,"""532202733399724033"""
na,"""531862912583737344"""
o,"""533984411956830208"""
s,"""532658953704845312"""
s,"""531944977673490433"""
s,"""532588384514891776"""
na,"""533700700170383360"""
o,"""532893459590696960"""
o,"""534042880877158400"""
na,"""531849382287511553"""
s,"""529751973726527488"""
na,"""533399046279282688"""
o,"""531968940088758272"""
s,"""532005403526434817"""
o,"""531961927132786688"""
o,"""532288830398038016"""
s,"""531971939104227328"""
s,"""532182290408157184"""
o,"""532040255788957697"""
s,"""530471974049693696"""
s,"""531970163331964928"""
s,"""531954827710828544"""
s,"""531816067354882049"""
o,"""532241621828382720"""
na,"""531848900886278144"""
o,"""533607008122208256"""
na,"""531875114988879872"""
na,"""531860747991531520"""
o,"""533011764850327552"""
o,"""533805256707420160"""
o,"""532966646114439168"""
s,"""533425254824022016"""
s,"""532721148522680321"""
s,"""529422515484241920"""
s,"""534257233060978689"""
na,"""531889516353974272"""
na,"""530120022337675265"""
o,"""533392781289345024"""
o,"""532916410003890176"""
o,"""534470091321376768"""
o,"""531980452307800065"""
s,"""531910833019031553"""
na,"""532688734664552449"""
o,"""532615327499436032"""
o,"""532012703033090048"""
o,"""532885021217292288"""
s,"""531860817155592192"""
o,"""531926958050140160"""
s,"""532177748559921152"""
o,"""531910245304778753"""
s,"""530697633451761664"""
s,"""532230403525185536"""
o,"""532960932994248706"""
o,"""532956285755740160"""
s,"""531850760355856384"""
o,"""530078624532004864"""
s,"""529391475323596800"""
o,"""531867500687134721"""
o,"""533361738993778688"""
s,"""532010241106268161"""
o,"""531958253769736193"""
o,"""532194964906999809"""
na,"""532089254156177408"""
s,"""532702134660497408"""
s,"""531942921122361344"""
na,"""533071955738370048"""
o,"""533276901263953922"""
na,"""532589141993590785"""
na,"""533265743706877955"""
s,"""532001320731807744"""
o,"""532936138106077184"""
na,"""533980680728748032"""
na,"""532582701862113281"""
na,"""530561175113977856"""
s,"""531977843585327104"""
o,"""531989784986525696"""
o,"""532235612200632320"""
na,"""531825135280730112"""
na,"""531901677855453186"""
o,"""533123693833367554"""
s,"""531947684626980864"""
na,"""532602087667167232"""
s,"""531965548121571328"""
s,"""533421604676452352"""
o,"""532051453418827776"""
o,"""531899895326969856"""
o,"""532556507536429057"""
na,"""531912986848280576"""
na,"""532259502423564289"""
o,"""532006400356929536"""
s,"""533478590248005633"""
s,"""532211625617805313"""
s,"""531922871900438531"""
o,"""532358551167963136"""
o,"""533086855655612416"""
s,"""530207893987930112"""
s,"""530412070685401088"""
o,"""532511062126772225"""
o,"""533319475710689280"""
o,"""533514426784444417"""
na,"""531933056009916416"""
s,"""532285072570077184"""
s,"""531996128762671104"""
o,"""532060341602373632"""
o,"""533495705873420289"""
na,"""532180071977451520"""
na,"""532595624198557696"""
na,"""533387383845445632"""
s,"""534258822647267330"""
o,"""532421726437900288"""
na,"""531908086315765760"""
s,"""532083064894001152"""
o,"""533381296312287232"""
o,"""532035770488729600"""
s,"""532588599644930048"""
s,"""531866627521138688"""
o,"""532356365457821698"""
na,"""532006961483890688"""
o,"""532570907525791745"""
na,"""532497530500964352"""
s,"""530077686539223040"""
s,"""533897194026184704"""
o,"""533975911000178688"""
o,"""532005167491993600"""
s,"""531848142573305856"""
o,"""532599638411739136"""
na,"""531936351998861312"""
na,"""532042218983669760"""
na,"""533416640638357504"""
s,"""532561247578120192"""
s,"""532205158974119936"""
s,"""532313027656155136"""
s,"""532390478659219457"""
na,"""533364630362812416"""
na,"""531837205694918656"""
s,"""533826220593385472"""
o,"""532922354846810112"""
s,"""531886020279930880"""
s,"""532321307317133314"""
o,"""532206848632696832"""
o,"""532678792268247040"""
na,"""532225709490438145"""
s,"""532081600767721474"""
o,"""532057703745478657"""
na,"""532490171842056192"""
na,"""531859882832830464"""
s,"""530005701813628928"""
o,"""533364656006778880"""
na,"""531820555125547008"""
s,"""531997043586510850"""
s,"""534346556988608513"""
o,"""534175826355712000"""
na,"""533204031401762816"""
o,"""531850228018589696"""
o,"""532553123098025984"""
o,"""531916087513063424"""
o,"""533740578224107521"""
s,"""532008578019000321"""
o,"""531932916088315904"""
s,"""530637410791874560"""
na,"""531834031579885568"""
na,"""532013084303306752"""
s,"""530510102714146816"""
s,"""532452474993799170"""
o,"""533621018045476864"""
na,"""532554842116337664"""
na,"""532057499214430208"""
na,"""533267933145751552"""
o,"""530960037465042944"""
o,"""533272435928629248"""
o,"""533011223609368576"""
o,"""531989316856475649"""
s,"""533813760612646913"""
o,"""532666824241201152"""
o,"""531845068916015104"""
s,"""533395100232331264"""
s,"""532008777126400000"""
o,"""532591257173098497"""
s,"""529827168202014720"""
s,"""532227395378745344"""
na,"""532598866772643840"""
s,"""531838314878205954"""
o,"""532279994471706625"""
o,"""534470539658551296"""
o,"""532600184702644224"""
o,"""533765517211729921"""
na,"""532353853128073216"""
o,"""534409688347967488"""
o,"""531889666916900865"""
s,"""532379528963035137"""
o,"""534431768028676096"""
o,"""531889107958378496"""
na,"""532957098100142081"""
o,"""531971314127364096"""
na,"""532592452113555456"""
na,"""533040084711264256"""
na,"""532021604998709248"""
s,"""533010141340110848"""
o,"""532943582458421249"""
na,"""531996868503281664"""
s,"""532298889739501568"""
s,"""532061934988697600"""
s,"""531948604815331328"""
s,"""531950066546651136"""
na,"""532972570384285696"""
o,"""532374840435806210"""
s,"""531869222188490752"""
na,"""531834859509927936"""
na,"""532387327633788928"""
o,"""531997573696196608"""
o,"""533797677562343424"""
o,"""532208421261434881"""
na,"""531844114535292930"""
o,"""532159274248839168"""
o,"""532261297329426432"""
s,"""531943859610480640"""
na,"""531922832075141121"""
o,"""532497208978178048"""
s,"""532178519829536769"""
o,"""534404742223757312"""
o,"""533330492264034304"""
s,"""532675367459647488"""
na,"""532701061912350722"""
na,"""532175400320118784"""
na,"""532618972664180737"""
na,"""533624658164068352"""
o,"""532737420815773696"""
o,"""533296168172670976"""
s,"""533001306194333696"""
o,"""534127853965570048"""
na,"""530577892519206912"""
s,"""531989218797838336"""
o,"""532508873220194304"""
o,"""530456570896064512"""
s,"""531912638151016448"""
o,"""531989282555441152"""
o,"""533312731802116096"""
o,"""532423114387243008"""
o,"""532534762477748224"""
s,"""531961792600498177"""
na,"""531875116334866432"""
s,"""531985968166084608"""
o,"""532501876629962753"""
o,"""532330033080061952"""
s,"""532005368616869889"""
na,"""531879091063246848"""
na,"""531876507397140480"""
o,"""532358196623855616"""
o,"""534374215760482304"""
o,"""532561060109500417"""
s,"""531931460127973376"""
s,"""532484127463731201"""
s,"""533357418353524736"""
o,"""532024450276155392"""
s,"""531887917653049344"""
o,"""533393647996534784"""
o,"""531890199177863168"""
o,"""532689330498985984"""
na,"""533661987855536128"""
na,"""531836113431068672"""
o,"""531839155462873088"""
na,"""531997750842228736"""
s,"""531975943875612673"""
s,"""531833770630868992"""
o,"""532011765270593536"""
s,"""531873541936148480"""
s,"""534424117261639680"""
o,"""532574861403885568"""
na,"""530134155066343424"""
s,"""532201076318285824"""
na,"""532073508172333056"""
na,"""531947127425863680"""
na,"""532213606231068672"""
o,"""534421914886750208"""
s,"""534207781104922624"""
o,"""531854813961535488"""
na,"""529074456740626433"""
o,"""532237056160694273"""
na,"""533647298845102080"""
s,"""530444948517056512"""
s,"""531866213576871936"""
o,"""531891267916300291"""
o,"""533336458774728704"""
na,"""531919812138901504"""
s,"""532381201089449984"""
na,"""533307362979770368"""
na,"""532012394340712448"""
o,"""531984020721397760"""
o,"""531931128643743744"""
o,"""533069098691735552"""
na,"""532248596478164992"""
s,"""531891441891835904"""
o,"""531947825584566272"""
s,"""531912683680169984"""
na,"""532111388479463424"""
s,"""532947475737640960"""
o,"""532981084242608128"""
s,"""534076439159525376"""
na,"""531985097327923201"""
s,"""531959536610197505"""
o,"""532671096831901696"""
s,"""531946995041062912"""
o,"""532446970921885696"""
na,"""531844287651389440"""
o,"""532631656759574528"""
s,"""532636828705124353"""
na,"""531874809626787842"""
na,"""531979855756541952"""
s,"""534368638783213568"""
s,"""532503246242189312"""
na,"""531961394565246977"""
o,"""530492544942354433"""
s,"""532924723848814593"""
o,"""532298879232778240"""
o,"""532540583353405442"""
na,"""531910546925580288"""
o,"""532095713677967360"""
s,"""530147133718925312"""
o,"""532640583706112001"""
o,"""532495095120277505"""
o,"""534104742671450112"""
o,"""531972402830667777"""
o,"""531995248805675008"""
o,"""532244334171938817"""
o,"""532198709480534016"""
o,"""533281532777988096"""
s,"""532664402722697216"""
o,"""532644062294466560"""
na,"""531853562033504256"""
o,"""531987680519651328"""
o,"""531955192213028864"""
s,"""534025031878459392"""
o,"""532535643667435520"""
s,"""529999108656734208"""
na,"""531958331049803776"""
o,"""531985404757803008"""
s,"""532974732409597953"""
s,"""531869563181211649"""
o,"""532617675751841792"""
o,"""532709344102875136"""
o,"""532004540724576256"""
o,"""531889554396291072"""
o,"""532245506823831553"""
o,"""532006643442397185"""
o,"""534429725746147328"""
s,"""533813233186926594"""
na,"""532231440575262720"""
o,"""531852814675636224"""
s,"""533589463796948993"""
na,"""531874842791116802"""
o,"""533773599182950400"""
s,"""533464322530213888"""
na,"""532378152186966016"""
s,"""532509030556524544"""
na,"""531862722812862464"""
s,"""531895025270288384"""
na,"""532090499427868672"""
o,"""531948957362970624"""
na,"""532181704509644800"""
o,"""531997349997215744"""
s,"""533634292388466688"""
s,"""530356802161225729"""
na,"""531878826737823744"""
o,"""532670731117539328"""
o,"""532661327236722689"""
s,"""532745838402224128"""
na,"""532857927388786689"""
s,"""532155976439193600"""
s,"""534223548936896513"""
o,"""533101679814914048"""
s,"""532287074833936384"""
o,"""532142608706179072"""
s,"""532243017844142081"""
na,"""532602499564576768"""
na,"""532092785587785730"""
o,"""531961930705928192"""
na,"""532241931670007808"""
s,"""534208486570082304"""
na,"""532662835588124672"""
na,"""533353349362364416"""
na,"""532111387904839682"""
s,"""533028767287889920"""
o,"""532704228821565440"""
o,"""533356697801457664"""
o,"""531940163690446848"""
o,"""532759963773698048"""
o,"""531903257170706432"""
s,"""531877465283887104"""
o,"""533675637257412608"""
na,"""532110136702033921"""
s,"""531861611498450944"""
o,"""531989754678497280"""
na,"""532997428190797824"""
s,"""531927365291876352"""
o,"""534224985821179906"""
s,"""533279880386191360"""
o,"""533426392713539584"""
o,"""533272159393554432"""
s,"""531936288845619202"""
o,"""533016085294252034"""
s,"""532354091096485889"""
s,"""533041852945952768"""
na,"""533616433733713920"""
o,"""532192998155907072"""
s,"""531860848596516864"""
s,"""533733123021082626"""
o,"""531905785609981952"""
s,"""531987172010647553"""
s,"""531973968098770946"""
o,"""533114044451143680"""
o,"""532528649325772800"""
s,"""533101250431442944"""
s,"""531823471165468672"""
s,"""532182463016361985"""
o,"""532960489807294465"""
na,"""531900797370765312"""
s,"""532264223192403968"""
o,"""532026896155160577"""
na,"""532590740158054400"""
o,"""532593605215789057"""
s,"""531999274876538880"""
o,"""531882947029532674"""
na,"""533307582891302913"""
na,"""532338687280156672"""
s,"""531883620903161856"""
o,"""532223579518427136"""
s,"""532043037409837058"""
o,"""533441426231926784"""
o,"""531869430654177280"""
o,"""531868789223067648"""
s,"""532954809230692352"""
o,"""531960230339301376"""
s,"""533404905697210368"""
s,"""529379064658657280"""
o,"""531983481417785344"""
na,"""532934221833469952"""
o,"""532038705616535553"""
o,"""532998195941761024"""
o,"""531837525456080896"""
s,"""531970258454982656"""
o,"""533681596445245441"""
s,"""531822414611505154"""
s,"""533765205495259138"""
s,"""531847980635389953"""
s,"""531927559563673600"""
na,"""532009939124776960"""
na,"""531862038339784704"""
s,"""531941961117097984"""
s,"""532018382493978624"""
na,"""532549798608764928"""
s,"""531921956371976192"""
o,"""532949260434935808"""
s,"""533029350372040704"""
o,"""533587315575103488"""
na,"""532123059009105921"""
na,"""530405267977277440"""
o,"""534097785751367680"""
o,"""532250050538524672"""
na,"""533977582002135040"""
s,"""531847170614255617"""
na,"""532266612746104833"""
s,"""531997670781775872"""
o,"""533258653835735040"""
s,"""531970348888375296"""
o,"""531909554917748736"""
s,"""531943896088342528"""
o,"""532217778733056000"""
s,"""531868003348930562"""
na,"""532653323917463552"""
na,"""531826160335073281"""
na,"""531856417020313601"""
na,"""532561384584650752"""
s,"""531909552804208640"""
na,"""531819628356329472"""
s,"""532100933728346112"""
na,"""533797301513244672"""
s,"""532213894409113601"""
na,"""532567377993805825"""
s,"""532033821047533569"""
na,"""532016989774938112"""
s,"""532993924336730112"""
s,"""532306865301225472"""
na,"""531855837921148929"""
na,"""531886978049261568"""
o,"""531967007718383616"""
na,"""530805221786529793"""
o,"""531947072480894976"""
s,"""533624362092351488"""
o,"""532008288876257281"""
o,"""533728548209430528"""
s,"""532985151782133762"""
s,"""533610261538557952"""
o,"""532748310122356736"""
s,"""531888236990595072"""
na,"""533386148782297088"""
o,"""533804832474554369"""
o,"""532731101358592000"""
na,"""532727805549629441"""
s,"""533305892394237952"""
o,"""532211251741728769"""
s,"""533344190185627648"""
s,"""531913603595517953"""
o,"""532566375378976768"""
s,"""532271032225529856"""
s,"""531843677334036480"""
s,"""532921695615864832"""
s,"""531912622858194944"""
o,"""533589773072732161"""
o,"""534158545978392576"""
o,"""532908702299615233"""
na,"""531868775675473920"""
s,"""531956821444280320"""
s,"""531879784125849600"""
na,"""531851196819324928"""
na,"""533885852334583809"""
na,"""532558575193714688"""
s,"""531863182587863040"""
o,"""531930031971647488"""
s,"""532035510194409472"""
s,"""532305385818816513"""
s,"""531868568619847681"""
s,"""532278891784994816"""
o,"""532816497643913216"""
s,"""532230573226729472"""
na,"""532587086881103874"""
na,"""532279154180624384"""
s,"""531853482098450432"""
s,"""534085632940048384"""
o,"""532006239681916928"""
s,"""531882725691502593"""
na,"""530857860826398720"""
na,"""531929819354005504"""
na,"""532807369936224256"""
s,"""532161529706455041"""
o,"""531846532359004161"""
na,"""534084169690017793"""
s,"""533611183249440768"""
s,"""532369054124630017"""
o,"""531917284097679360"""
s,"""534226830849753088"""
na,"""532244734689804288"""
s,"""532373111862075393"""
s,"""531824594056138753"""
na,"""529133106901434368"""
o,"""532009655711461376"""
na,"""532047290190790656"""
s,"""533773398933905408"""
o,"""531956737793085441"""
o,"""532167945254752257"""
s,"""532002398240509952"""
na,"""531839184341041152"""
s,"""532705087169523712"""
s,"""531935706805833729"""
o,"""531874843021430785"""
na,"""532019913699758081"""
na,"""532240796448083968"""
o,"""533765188948746240"""
o,"""532037629324558336"""
na,"""531968016876314624"""
o,"""532328996319408128"""
o,"""534405362330660864"""
s,"""532278793109774336"""
o,"""532515408881156096"""
na,"""531890190407983105"""
o,"""532214652365975552"""
o,"""532662154487689217"""
s,"""531990480456667136"""
o,"""532301814276706305"""
s,"""531082136443682816"""
o,"""534223347597729792"""
s,"""532572464078135297"""
s,"""533106546176450560"""
na,"""534219787665043456"""
na,"""531901018238627841"""
s,"""532105524255653888"""
o,"""532212108524814337"""
o,"""533366738587377665"""
s,"""532202832720842752"""
s,"""531865715918508032"""
o,"""532006631731888128"""
o,"""531984291606310913"""
o,"""532045752626065408"""
na,"""532296519723278336"""
na,"""532111386625597442"""
na,"""533235060053245953"""
o,"""532947758257549312"""
o,"""533135874121162752"""
na,"""531874485096312832"""
na,"""531860065599623168"""
s,"""531968573325848576"""
s,"""533031750830927872"""
o,"""534141118431391745"""
s,"""532544523805949952"""
s,"""531958568745181185"""
s,"""532717094627184640"""
o,"""532745937958211584"""
o,"""531985517928525824"""
na,"""532941485587435520"""
s,"""531844014602211328"""
o,"""532025856713977856"""
o,"""533292301297410048"""
s,"""531982671472525313"""
s,"""532950392636973056"""
o,"""534412688311341056"""
s,"""532777927206010880"""
o,"""531868541008756737"""
s,"""531830059557191680"""
s,"""533229918134747136"""
na,"""532016297756729345"""
na,"""531835328374390784"""
s,"""531588907024932864"""
o,"""534108290998095873"""
s,"""531957216568291328"""
s,"""531987057527513088"""
na,"""531924228602228736"""
na,"""531831115880103936"""
s,"""534194350545457152"""
s,"""531998457247318016"""
o,"""531983198948179968"""
s,"""531946281313124353"""
s,"""532011193603751937"""
s,"""531949397463269376"""
s,"""532010165256863745"""
o,"""533287925812035584"""
o,"""531955724214337536"""
s,"""532471846378029056"""
s,"""532213553378258945"""
na,"""532310962817097729"""
s,"""533031742563966976"""
o,"""531972163101032448"""
o,"""532041508011380736"""
o,"""531979777784426496"""
s,"""531835316752367616"""
o,"""534042742804844545"""
o,"""533281870319218688"""
s,"""532238748352647168"""
na,"""531966885382733826"""
s,"""532728702182760448"""
na,"""533235708706566144"""
o,"""532905725627236352"""
s,"""532234429536550912"""
s,"""531960947427274752"""
na,"""531850324621807616"""
o,"""533300250673696769"""
o,"""532157071769468929"""
s,"""532235326069440515"""
na,"""531858064698531842"""
o,"""531870690220449792"""
o,"""531972495113338880"""
na,"""531893787119722499"""
s,"""534158768947200000"""
o,"""531879383536250880"""
na,"""533476347520102400"""
s,"""534052926755311616"""
o,"""532882460141686784"""
o,"""530365363775881216"""
o,"""532222230378594305"""
o,"""533624105308651521"""
o,"""533260387815542784"""
s,"""532885111185088512"""
s,"""533750648030781440"""
o,"""531995236076380161"""
s,"""531888158515142656"""
na,"""533454704685379584"""
na,"""533019470713737216"""
s,"""531966941637124096"""
s,"""532105611623014400"""
o,"""531987641789468672"""
o,"""534205002600828930"""
o,"""531875171305787392"""
o,"""531968868210999298"""
o,"""531949124430856192"""
s,"""531973561255469056"""
s,"""531894675309735936"""
o,"""531827631604260864"""
s,"""531875897830154240"""
s,"""530578889794674689"""
o,"""531942711763668993"""
s,"""531563267169480704"""
s,"""531981898680377344"""
o,"""531848962312241152"""
o,"""533623087846395904"""
s,"""531965423542349824"""
na,"""532978950776311808"""
s,"""531897367671607296"""
o,"""531956798824005633"""
s,"""531865720720601088"""
o,"""532730408564039680"""
o,"""532522517794013184"""
o,"""533755422738350080"""
o,"""531998014052003840"""
o,"""533293543771869185"""
na,"""532213514589700097"""
s,"""532007997770596352"""
o,"""533499032069353473"""
s,"""532598228148314112"""
s,"""529829715733774336"""
o,"""532705702528434176"""
s,"""531907289264173056"""
na,"""531894856621502464"""
o,"""531988641988358144"""
na,"""533342012301250561"""
o,"""532190162886086656"""
s,"""532116373162704897"""
s,"""531839898198999040"""
na,"""533697170470232064"""
o,"""532940139333697537"""
o,"""532932191907753985"""
o,"""532924237867393024"""
s,"""532059296792854528"""
o,"""531889265995964416"""
s,"""532146295218376704"""
s,"""532092164692783104"""
o,"""532961700409274368"""
o,"""532887025968361472"""
o,"""531885299014848513"""
o,"""533324782390235138"""
o,"""533264468479057920"""
na,"""531852348222869505"""
na,"""532667080231776258"""
s,"""532037079992389632"""
na,"""533091363743485953"""
o,"""532275360113905664"""
s,"""532876284058017792"""
na,"""532275437855330305"""
s,"""532074661472137216"""
na,"""531897407571623936"""
na,"""533401595073921024"""
s,"""532667105431543808"""
s,"""531859725449961472"""
o,"""532744217345675264"""
s,"""531861877823778816"""
s,"""534347748922126336"""
o,"""531892788519243776"""
o,"""531990280451682304"""
s,"""531990217511563264"""
s,"""531996452852359169"""
s,"""531976678835499008"""
na,"""532024621214617600"""
s,"""530267599339532288"""
o,"""531929414401929216"""
o,"""532168332129370112"""
o,"""532029225893896193"""
o,"""533684527718100992"""
o,"""534362337608597505"""
s,"""532079166913794048"""
na,"""532375420784877568"""
o,"""531999902780620800"""
na,"""532906745082179585"""
na,"""531882206403129345"""
na,"""531819407014498304"""
o,"""531920858668077057"""
s,"""531858883338592256"""
s,"""531823605613854721"""
na,"""532176890837352448"""
o,"""531835333382402048"""
o,"""533834950815281152"""
o,"""532889442001108992"""
s,"""532020120710045696"""
o,"""532011610542727168"""
na,"""532109116076863488"""
s,"""531974660054056960"""
na,"""533129734193156098"""
na,"""532173392037027840"""
s,"""531957117599903745"""
s,"""533084722302562304"""
na,"""531972286463885312"""
s,"""531860188324569088"""
s,"""531958663515484161"""
na,"""533007720790908928"""
o,"""533659297184374784"""
o,"""534044930469945346"""
na,"""531972393456402433"""
s,"""530570519075381248"""
s,"""531875192247959553"""
s,"""529734685925335040"""
o,"""533085285572419586"""
s,"""531846019911147521"""
na,"""532220643731709952"""
na,"""531918996111888384"""
o,"""533299010136588289"""
s,"""531830101315710977"""
o,"""532891539153104896"""
o,"""533102533812957184"""
na,"""531891258810449920"""
s,"""530477125632294914"""
na,"""532029188690022400"""
o,"""532752193040834561"""
s,"""531977092162797568"""
s,"""531826368804564993"""
o,"""531963768247713793"""
s,"""533990519521935361"""
s,"""532198417947058176"""
na,"""531897945420230656"""
na,"""531848368549400577"""
na,"""532714560697171968"""
na,"""532340737858617345"""
s,"""531853359557275649"""
na,"""532513727841435649"""
s,"""532020746541756416"""
s,"""530137433501757442"""
o,"""532025286922346496"""
s,"""531846762936664064"""
s,"""530878054785359872"""
na,"""534059362172809216"""
o,"""533725848256663552"""
na,"""531853265328017408"""
s,"""533418554968662017"""
s,"""531893360806883328"""
o,"""532544165054513155"""
na,"""531911857812938752"""
o,"""532116966535090177"""
s,"""534409388962762752"""
s,"""533044742792036352"""
o,"""531952717020012544"""
s,"""533284995486326784"""
o,"""531913249189810176"""
na,"""531939858151780353"""
s,"""532323938333110272"""
na,"""532070907230302208"""
s,"""532229241698803715"""
na,"""532271963583299585"""
o,"""532226219140722688"""
o,"""534369608057495552"""
o,"""531976487122243585"""
o,"""531935452383969281"""
na,"""531850957022187520"""
na,"""531865888656723968"""
na,"""532109526317547520"""
na,"""531864812473810944"""
o,"""532372885474930688"""
na,"""532569760475541504"""
na,"""533408157926965248"""
s,"""531940971215585280"""
o,"""533459825511133185"""
na,"""531865679251898369"""
o,"""531946811586387968"""
s,"""533166489252007936"""
o,"""532010335952044033"""
o,"""532008854851448833"""
na,"""532371036545634305"""
na,"""531884139436593152"""
o,"""534039885146259456"""
s,"""531288101738799105"""
s,"""532210093191073792"""
s,"""531879129960824833"""
o,"""533338131781931008"""
s,"""534475452031569920"""
s,"""532579300441333760"""
na,"""534306849206435840"""
s,"""531853835887984640"""
o,"""533127722609152000"""
s,"""532236327543001088"""
s,"""532178898726191104"""
na,"""531864029627961344"""
s,"""532044677013577728"""
o,"""532378118351495168"""
na,"""533405441569456128"""
o,"""532575498325737472"""
o,"""532152965139034112"""
o,"""534495438548647937"""
o,"""534471289235591168"""
o,"""533806975482482688"""
o,"""534464630287257600"""
o,"""532009317126639616"""
na,"""532071500514607104"""
o,"""532198469856149504"""
na,"""531903205379043329"""
na,"""532210356412616704"""
o,"""533113504136691712"""
s,"""531863546729349120"""
o,"""532241544934592513"""
o,"""533749529238310912"""
s,"""530627568161288192"""
o,"""531923162695737345"""
s,"""533418820623671297"""
s,"""532693635251601409"""
na,"""532109533296877568"""
s,"""531898366830321665"""
s,"""531866771116937216"""
o,"""534044037494624257"""
o,"""531984696142745600"""
o,"""532972530664222720"""
na,"""532073898687627264"""
o,"""533034581495402496"""
s,"""530506938195652610"""
na,"""531868177819787264"""
s,"""532011122673872897"""
s,"""533685032867471360"""
s,"""530446706861936640"""
na,"""532067837062299648"""
na,"""532315510969348096"""
s,"""531932688601858049"""
o,"""532352976837685248"""
na,"""531970741583900672"""
na,"""531836886122102785"""
na,"""531925554161659904"""
s,"""532513259757137921"""
o,"""533058131518324736"""
s,"""533405361730899968"""
na,"""531942093007376384"""
na,"""532097341323755520"""
s,"""531857973120073729"""
o,"""531917530932068352"""
s,"""531956678988922880"""
na,"""532461865163427840"""
na,"""533604525244825600"""
o,"""533340609554448384"""
s,"""531945320679473152"""
o,"""532031462678482944"""
na,"""532377645057851392"""
na,"""532141203496517632"""
s,"""530162938284224513"""
na,"""532282055221317635"""
s,"""534141937503055873"""
s,"""532356125241262080"""
s,"""531975460352049152"""
s,"""531875240482471936"""
s,"""532270762053206016"""
na,"""531997356842311680"""
s,"""532007566105403392"""
o,"""532454065784242177"""
na,"""532740716318162945"""
s,"""532173973329440769"""
na,"""532198857208516608"""
na,"""532179016795832320"""
o,"""534421371989024769"""
o,"""532916516048482304"""
s,"""532221549093617664"""
na,"""532158984221102080"""
na,"""531849776388517888"""
na,"""534002067376181248"""
s,"""532639015468793857"""
o,"""532055745554960384"""
s,"""531855627531071488"""
o,"""531991925532790784"""
o,"""531855809660338177"""
o,"""532595115949178880"""
o,"""534481437945520128"""
s,"""532009095508025344"""
o,"""531942760065290241"""
na,"""532984955991633920"""
o,"""532241645253586945"""
o,"""531889664618418176"""
na,"""531900626641231874"""
o,"""532011740829990912"""
o,"""531846027465478145"""
na,"""532928976864288769"""
na,"""532208880559091713"""
s,"""533502605352501248"""
s,"""532193470778064896"""
o,"""532728301992038400"""
s,"""531890908590247937"""
o,"""529837245671702529"""
o,"""532182693921169408"""
na,"""532322185314971650"""
na,"""534019600476696576"""
s,"""531968965036507138"""
s,"""531147971895644162"""
na,"""532875853361729536"""
s,"""533618001715556352"""
o,"""531912347036971008"""
s,"""531934612902379520"""
s,"""531969950916046848"""
s,"""532060096646230016"""
s,"""531412164075331584"""
o,"""532570298449543169"""
s,"""534058833686319105"""
o,"""533111333785714690"""
o,"""532601678932242432"""
s,"""534407979286532096"""
s,"""532992057472991232"""
o,"""531965664941342720"""
s,"""531948653401755648"""
o,"""531997207444992000"""
s,"""532406206514880512"""
s,"""530511391263051776"""
s,"""533438089474363392"""
na,"""531871168513732608"""
s,"""529288958425837568"""
o,"""531850266396467200"""
na,"""531949409731244032"""
o,"""531608027993223169"""
o,"""533008239604953088"""
o,"""531919518218874880"""
na,"""533468807969255425"""
o,"""533908972701745152"""
o,"""531146448889733121"""
o,"""534018070734708736"""
o,"""531975983935811585"""
o,"""532672811442384896"""
na,"""532163607472390144"""
s,"""533998683793420288"""
s,"""531919026453495808"""
o,"""531855766408663042"""
na,"""533769198141734913"""
o,"""533386693001216000"""
na,"""532409224513343489"""
s,"""533631030796623872"""
o,"""532992148941983744"""
o,"""532177476420894720"""
na,"""533368682815430656"""
o,"""531931219181977600"""
o,"""532687446715416576"""
s,"""531938939632754689"""
s,"""532021899984121857"""
o,"""534415865044041728"""
na,"""532030679479885824"""
na,"""532296325790830592"""
s,"""532149282959142912"""
o,"""533074827666796544"""
s,"""532067614886232064"""
s,"""529998674886414336"""
o,"""534151407335534592"""
s,"""532682992263897088"""
o,"""533332411074248704"""
na,"""533007793347756033"""
o,"""532196592909316096"""
na,"""531995232527990784"""
o,"""532226431628357632"""
s,"""532524861240147968"""
o,"""532289863534796800"""
s,"""534481797875519488"""
o,"""532195341198581760"""
o,"""531894838593986560"""
s,"""529304310744875008"""
o,"""533450459764514816"""
na,"""532569206160900097"""
na,"""531851230864482304"""
na,"""532203071846506496"""
na,"""533305652119351297"""
o,"""533420634672340993"""
o,"""533115017483522048"""
o,"""532988674070573057"""
s,"""532018633388851200"""
na,"""532109514091134977"""
s,"""531887068671385600"""
na,"""532552338032955394"""
s,"""532259928920952832"""
s,"""533437311564779520"""
s,"""530123829650395136"""
na,"""532208694105088000"""
s,"""532772479010627584"""
o,"""532955701078134784"""
s,"""531825827579981825"""
s,"""532713391534505985"""
na,"""531951276133580800"""
o,"""531953175331614720"""
s,"""534096012738977792"""
s,"""532155810739404800"""
o,"""532222265812074496"""
na,"""532068194635108352"""
s,"""532287734074073088"""
na,"""533476538864263168"""
s,"""533344202868789249"""
o,"""532966362449461248"""
s,"""533688266768142336"""
o,"""532219709865746432"""
o,"""531921914332479488"""
o,"""532978304953745409"""
s,"""532226145677508609"""
s,"""531884803826528256"""
s,"""532975895079055360"""
o,"""534093583989870594"""
s,"""534346184836780033"""
s,"""532579800716550144"""
o,"""532051455083966465"""
o,"""532723730284150784"""
o,"""531924444630228992"""
o,"""532174097779011584"""
na,"""532608680169308160"""
o,"""532220730297966592"""
s,"""533658637919850496"""
s,"""531957677979873280"""
o,"""531900673227751424"""
o,"""532567833473871872"""
o,"""532613362094731264"""
na,"""532563680026558464"""
s,"""533037440747859969"""
o,"""531897809965174784"""
o,"""531969825803735040"""
o,"""533272149017247744"""
s,"""529535103236849664"""
na,"""530813632297578496"""
s,"""532008225168584704"""
s,"""533327666368507907"""
s,"""531884224446758912"""
o,"""531847368476725248"""
o,"""532200051951415297"""
na,"""532388293917163520"""
na,"""531848050961317889"""
na,"""531897172124790784"""
na,"""532987852377059328"""
na,"""531879382382833664"""
s,"""531959388903600130"""
s,"""531926387775393793"""
s,"""531856425107357696"""
s,"""533994951609421824"""
na,"""533029310668754945"""
na,"""532564137612951552"""
na,"""530274979963600896"""
na,"""532589928925102080"""
na,"""532557412285562880"""
s,"""533470285341941761"""
s,"""532242573692534784"""
s,"""533499041897000960"""
na,"""530969587354202113"""
s,"""532478629146406914"""
s,"""530480075867951104"""
o,"""531997316233035776"""
s,"""531966532910579712"""
na,"""531879971263107072"""
s,"""532381223067582464"""
na,"""532537900081377280"""
o,"""532259071232327681"""
s,"""532199470122143745"""
na,"""531933101853638656"""
o,"""531985234695565312"""
o,"""531853710897315840"""
s,"""531879392277200896"""
s,"""533316833294565377"""
na,"""532901742698967041"""
s,"""532200153156182017"""
na,"""529578169914101761"""
s,"""531902276760133632"""
o,"""532685384191582208"""
na,"""531897429172699136"""
o,"""531962491426070528"""
na,"""531925796948951040"""
s,"""533786877237923842"""
s,"""531975366265434112"""
na,"""532213632839741440"""
s,"""530024435550404610"""
o,"""532452586159222784"""
o,"""532676496310423552"""
na,"""532460277950713856"""
o,"""532010768594919426"""
o,"""531914403449692161"""
na,"""531853254691262464"""
o,"""533639601307811840"""
na,"""533326878107762688"""
o,"""532685724194471936"""
na,"""531850724225724416"""
s,"""532705738674950145"""
o,"""531880926746128384"""
s,"""532527123073105920"""
na,"""532242128831664128"""
s,"""533615611528499201"""
s,"""534080854889615360"""
o,"""533356860498116608"""
s,"""531849029370400769"""
o,"""532720331656810496"""
o,"""532593667064999937"""
na,"""532375084577484800"""
s,"""534146935343427584"""
s,"""531901727906074624"""
o,"""533256267490664448"""
na,"""531903987927498752"""
o,"""533804554216030210"""
o,"""534413056454168577"""
na,"""532163884061577216"""
na,"""531987059788230656"""
s,"""533015675766206464"""
s,"""531871044311584768"""
o,"""532376368710189056"""
o,"""532226917211340802"""
na,"""532664973239934976"""
na,"""531996708968738816"""
o,"""533643350344491008"""
s,"""531875272598237184"""
s,"""532238403106902016"""
s,"""531956456774717440"""
o,"""531909621913767937"""
s,"""532487782032490496"""
o,"""531973940416348162"""
s,"""531907847249215488"""
na,"""529899367520821248"""
na,"""533452607868510208"""
s,"""531990156023463936"""
na,"""533427466237276160"""
s,"""532164778568208384"""
s,"""533345823543681024"""
o,"""534201753483636736"""
na,"""534218976700928000"""
o,"""532665591513882624"""
na,"""533381916641460224"""
o,"""533294426269822977"""
s,"""531974496434286593"""
s,"""534103707068403712"""
s,"""533344489750798337"""
o,"""531853129831428096"""
o,"""531972038073024512"""
o,"""532011455844188160"""
o,"""533004021687406593"""
s,"""534041973762424832"""
o,"""532177237882470401"""
o,"""531922880968556544"""
s,"""532647841429078016"""
s,"""533035003782135808"""
na,"""533062291609374720"""
s,"""532090777657040896"""
o,"""533275621485740032"""
s,"""532032740812939264"""
o,"""531944154079580160"""
s,"""531904724187242496"""
s,"""532175749998850048"""
s,"""531981306297872384"""
na,"""532111386541703169"""
na,"""532536519509045248"""
o,"""531996833602490368"""
o,"""534399927636725760"""
s,"""531963592128884736"""
na,"""533971271076544512"""
s,"""533026258116829184"""
s,"""532055067906822145"""
s,"""533066744429297665"""
na,"""532111327972425730"""
s,"""533512514974527489"""
na,"""529302598357385217"""
s,"""531860108469223424"""
o,"""534163277853384704"""
o,"""531828245747220481"""
o,"""532234189727600640"""
s,"""531839645437677569"""
s,"""531889742011703296"""
o,"""532421575849426944"""
o,"""533017752639143936"""
s,"""532914541999685632"""
o,"""532180318758137857"""
o,"""531950152865841152"""
na,"""534421770653011968"""
s,"""531591794832965632"""
o,"""533374561371189248"""
o,"""531994528476315648"""
na,"""532309296655368192"""
na,"""531992655048486914"""
s,"""531980857486376960"""
s,"""530783567362920448"""
s,"""533250381074427904"""
o,"""531995356247379968"""
o,"""532054071688306688"""
na,"""532522765702926336"""
o,"""532955396462620673"""
na,"""531830113671725056"""
o,"""531994397781790720"""
s,"""531897873559195648"""
na,"""532263633523589121"""
s,"""531831075496939520"""
s,"""532040048695586816"""
na,"""532541911827890176"""
na,"""531870050119331840"""
o,"""532748989037551616"""
na,"""530062128401887233"""
na,"""531843382058835968"""
na,"""531896532040036353"""
s,"""532007898952785920"""
o,"""534455419582676993"""
s,"""532723050501128192"""
s,"""532099350298890240"""
s,"""533431988989206528"""
o,"""532042021666840576"""
s,"""530479115242340353"""
na,"""534237499514966016"""
s,"""532011769615876097"""
o,"""532511004585132034"""
o,"""533391392156827648"""
o,"""532720740823334912"""
s,"""530374958937956353"""
o,"""533797829370978304"""
s,"""532267769195421697"""
o,"""532743542930935808"""
na,"""532295179655315456"""
na,"""533528251272945664"""
na,"""532003044226240512"""
na,"""531872867089416192"""
s,"""530098651708657665"""
na,"""531904479751589888"""
o,"""531956231788044289"""
o,"""531913545596690432"""
s,"""532049720139857920"""
s,"""530068953385947136"""
o,"""532157939306733568"""
o,"""532131856477872128"""
o,"""533741481501405184"""
o,"""531838595032559617"""
o,"""532195405858353152"""
s,"""531945261380038657"""
s,"""533836556403228673"""
s,"""532608332406980609"""
o,"""531878448311308290"""
o,"""532201773721993216"""
s,"""532142488249982976"""
o,"""533528740589236224"""
s,"""532135782208000000"""
s,"""532949748353732608"""
s,"""531942733322399744"""
na,"""533284738677899264"""
s,"""532992711398547456"""
s,"""532030047222112256"""
s,"""532433011862548481"""
o,"""533113716917956608"""
o,"""532986374992175104"""
s,"""532081705520488448"""
s,"""532831099861225472"""
o,"""531894660789055488"""
s,"""531862482374361089"""
s,"""532325378698670081"""
o,"""532056686862016512"""
o,"""534361409346605056"""
s,"""530943600709099520"""
na,"""531828775433302016"""
na,"""532306930115825665"""
s,"""532968097054195712"""
s,"""533642184336359425"""
s,"""531859284343005184"""
o,"""532218797600800768"""
s,"""532030766948306945"""
na,"""533241533626343424"""
o,"""532600248284106752"""
na,"""530808358354550785"""
na,"""532616668720402432"""
s,"""531852652439543811"""
s,"""532079113335746560"""
o,"""532668060868829184"""
o,"""531916552413908992"""
s,"""532281309964800000"""
na,"""533235268032028672"""
na,"""533189631164956672"""
o,"""532240053473267712"""
o,"""534493843605815296"""
na,"""532966548638793729"""
s,"""531887951664279552"""
o,"""531890154680905729"""
o,"""532208035020566528"""
na,"""531928901627305985"""
o,"""532005888744513536"""
o,"""534372461559558146"""
na,"""532135317059280896"""
s,"""532724824573882368"""
na,"""532736743012057088"""
s,"""534192838355845120"""
s,"""532014562716160000"""
s,"""531946167852994560"""
na,"""531920793752862720"""
na,"""532549774122434561"""
na,"""532595478534569984"""
na,"""533241934286843904"""
o,"""533999094839406592"""
s,"""530125077124513792"""
s,"""532157067772329984"""
na,"""531840763785924608"""
o,"""534402936341016576"""
na,"""532162741222375424"""
o,"""532344595225407488"""
na,"""533756124969697281"""
na,"""531927050987528193"""
o,"""532244791506239488"""
o,"""533061714477330433"""
na,"""532372356161753088"""
s,"""533980070046474240"""
o,"""531930354743910400"""
s,"""532202082305323008"""
o,"""532910076508782592"""
s,"""531844286128459779"""
na,"""533794497755234304"""
na,"""531850112054484992"""
o,"""532425735604944896"""
o,"""532032191652691968"""
o,"""533195220192870400"""
s,"""531944961286373376"""
na,"""532165326666870785"""
s,"""531934563786698752"""
s,"""534081542570905601"""
s,"""532260150166716416"""
o,"""532027706402033666"""
na,"""533427261605564417"""
na,"""530049568302718976"""
s,"""531932468660940800"""
o,"""532682160356876289"""
s,"""531821004226846720"""
na,"""531840317621035008"""
na,"""531833594327482370"""
s,"""531861991682355200"""
o,"""533325827174592512"""
o,"""532556665858453505"""
o,"""532583574189645824"""
na,"""533587763338436608"""
na,"""531871511771373568"""
o,"""532168511196790784"""
s,"""531978937379733505"""
o,"""532890606889345024"""
na,"""531925977962528768"""
na,"""531878816503709696"""
na,"""531920324384657408"""
na,"""532203197658824704"""
na,"""531857812528197632"""
o,"""534157906287943680"""
s,"""532241547761184768"""
na,"""531860533008297984"""
o,"""531967705872871424"""
o,"""532999004758364161"""
na,"""532249198242967552"""
s,"""530398220900659200"""
o,"""532327314416087040"""
na,"""530874585999503361"""
o,"""533673945522647040"""
s,"""531860109681381376"""
s,"""531971427755257856"""
s,"""533423658547830784"""
o,"""531990334616899585"""
na,"""532715893147451393"""
na,"""533627738863964160"""
o,"""532402486062358528"""
s,"""532947275232718849"""
o,"""531986355199676417"""
o,"""531846950812143616"""
o,"""531866806756311040"""
s,"""532607440383393793"""
na,"""531864955390554113"""
s,"""532964038641451008"""
na,"""532022638164447232"""
s,"""532167212246003713"""
s,"""532036308664082432"""
s,"""533711824106295297"""
o,"""532040136046174209"""
s,"""534123567680483328"""
s,"""531852996100243456"""
s,"""532309699123621888"""
o,"""532673369909788672"""
o,"""531991200564539392"""
s,"""531883482188746753"""
s,"""532001051537190912"""
s,"""531851193392181248"""
o,"""531971829909716992"""
na,"""533022501430099970"""
s,"""530143800065134593"""
s,"""532257596565385216"""
na,"""531832688752091136"""
o,"""534243705264164864"""
o,"""531987865203638272"""
na,"""532287296771743744"""
s,"""532983506050514944"""
o,"""533359587442053121"""
na,"""532333400963567616"""
na,"""531859957625679872"""
na,"""534357887569522689"""
o,"""534227577523945472"""
s,"""534037713645625346"""
o,"""532690267418398721"""
na,"""533606094891806720"""
na,"""532944700580585473"""
o,"""532028203985289216"""
o,"""534111400281792514"""
o,"""532338691541594113"""
na,"""531814217947828224"""
s,"""533697868977405953"""
na,"""532368666768060417"""
o,"""532972850618302464"""
na,"""532348170282762241"""
na,"""531943914690080768"""
na,"""534429065982136321"""
o,"""531912109052141568"""
o,"""533023847982063616"""
o,"""532041365715419136"""
s,"""532205699304931328"""
s,"""531962329995694080"""
o,"""532684155143081985"""
s,"""532252807806861312"""
na,"""532697361022484480"""
o,"""533455354185515010"""
s,"""534385922260099073"""
o,"""532541831389532160"""
na,"""531850682089758720"""
s,"""534495644443230208"""
s,"""532215117916549120"""
o,"""533589756417146880"""
o,"""532162576319524864"""
na,"""533326066308628481"""
na,"""534385746891640832"""
s,"""532033306838044674"""
s,"""530334236897988608"""
na,"""533353380069273600"""
o,"""531939874275065858"""
s,"""531949183956054017"""
s,"""532141734596444160"""
o,"""532241067324612609"""
o,"""532153111146950657"""
s,"""533823835938631680"""
na,"""534462073707585537"""
s,"""534202809990672384"""
na,"""532553577445613569"""
o,"""532004162205392898"""
o,"""531934936929173504"""
s,"""533289324708896768"""
s,"""532006684080996352"""
o,"""534089481943805952"""
o,"""531952661860323328"""
o,"""532901262233071617"""
s,"""531933490959626240"""
o,"""532530822159798272"""
s,"""531945746648805376"""
na,"""533701176739766272"""
na,"""530351102303035392"""
na,"""531866911815249920"""
s,"""533615581774487552"""
s,"""532044735485968384"""
na,"""532015375232163840"""
s,"""532199616951750657"""
s,"""532214464792125440"""
o,"""532328955563360256"""
na,"""531927432748892161"""
na,"""532149517177454592"""
o,"""532679814113951744"""
s,"""532535314955665408"""
na,"""532317239504928768"""
s,"""532334838959706112"""
na,"""531989877521666048"""
s,"""533185150776270848"""
s,"""533461641761800192"""
na,"""530764315704721409"""
na,"""532600009091338241"""
na,"""531902085365628928"""
o,"""532954115346038784"""
na,"""531818770420207616"""
o,"""532669918584799235"""
s,"""532324657492262913"""
o,"""531910022372929536"""
o,"""531999826976579584"""
na,"""531996011666096128"""
o,"""532907293369573376"""
s,"""531879385532747777"""
na,"""531880875487547392"""
o,"""532359192045445120"""
na,"""531931959174234113"""
o,"""531962204867022848"""
o,"""532331989886455810"""
o,"""532342299486093312"""
s,"""531999865610698755"""
o,"""531930046189936641"""
s,"""531942583270797312"""
s,"""531857594642862080"""
na,"""534005759043203073"""
o,"""533256932295864320"""
s,"""531938005888421888"""
s,"""532230162008399872"""
o,"""534428732006866944"""
s,"""531839740790968320"""
o,"""532035519866478592"""
s,"""531881516264337408"""
o,"""532430843537420288"""
s,"""533531413648113664"""
s,"""531867115750694912"""
o,"""532196675369308160"""
na,"""533257705801396224"""
s,"""530290568266801153"""
o,"""532970796512460800"""
s,"""532234743774195713"""
o,"""531998602965823489"""
s,"""531247608782921728"""
na,"""532557744507609088"""
na,"""531897875480186880"""
na,"""532495390239907840"""
o,"""532032132277739520"""
s,"""534453531261284354"""
o,"""532626012354646016"""
o,"""532342908989747200"""
s,"""530774148771885057"""
na,"""533401329813569536"""
s,"""532200114103021568"""
s,"""531946589846511619"""
s,"""534177355007148033"""
s,"""533045707477757952"""
na,"""532707987564298240"""
o,"""531858929383645184"""
o,"""530315155029360640"""
o,"""532762536849203201"""
o,"""531874942066122753"""
o,"""532566261801426944"""
s,"""530851736509231104"""
na,"""533353411715268608"""
na,"""531967718262468608"""
s,"""531949371915796480"""
s,"""533338023056773120"""
s,"""531985620491857920"""
na,"""532967792300285952"""
o,"""532710010498080768"""
s,"""531896190598905856"""
na,"""531868179187130370"""
s,"""529479098822041600"""
o,"""534372430769561600"""
o,"""534207880384483328"""
s,"""531934362451726337"""
s,"""532215331981238272"""
na,"""532933544218492928"""
o,"""532004342568878080"""
na,"""534110717507829761"""
na,"""531857254119931904"""
s,"""531981424195538944"""
s,"""532202740080852992"""
na,"""531908843760930816"""
na,"""534126880429850624"""
o,"""531972053646446592"""
s,"""531830478131982336"""
na,"""532151161730498560"""
na,"""532291507760693248"""
o,"""532734443090640896"""
s,"""534313059393998848"""
o,"""532944970995728384"""
o,"""532241390902579200"""
o,"""531884083383922689"""
s,"""531984817538490368"""
na,"""532258439549157376"""
o,"""532384054608683008"""
na,"""531987729115283456"""
na,"""534450526222417920"""
o,"""531892951937728512"""
s,"""532145797505499136"""
o,"""533285494293938176"""
s,"""532376169736568832"""
s,"""531843695466016768"""
s,"""531832685392850944"""
na,"""532618732611194880"""
na,"""532168997882851328"""
s,"""532144185952837636"""
o,"""532254157261254656"""
s,"""532071787417202688"""
s,"""530114839776329730"""
na,"""532595192315252738"""
o,"""534073425703100417"""
na,"""532453061957267456"""
o,"""532683388722089984"""
na,"""533604904661569536"""
na,"""532297647449579520"""
na,"""534035587125108736"""
na,"""531854705220419584"""
na,"""532168924964462592"""
o,"""531923097830825985"""
na,"""532924065271803905"""
na,"""532554642111344641"""
s,"""532180253784145920"""
na,"""531874240178683904"""
na,"""532631883109388292"""
s,"""532354223359266816"""
na,"""532530524326461441"""
o,"""532014530289627136"""
na,"""534414164950024192"""
o,"""532695366051713024"""
o,"""532889701040914433"""
o,"""534380269189746688"""
s,"""532257558744940544"""
s,"""531982720004812800"""
na,"""532409853390913537"""
na,"""534461694064738304"""
s,"""532011704759365632"""
na,"""532525149535608832"""
o,"""531909927833726976"""
s,"""531854598643154944"""
o,"""531988836700532736"""
na,"""532199840248496128"""
o,"""531910168129183744"""
o,"""531964541249519618"""
s,"""532966905532141568"""
na,"""531929833131892737"""
o,"""534080534235078657"""
s,"""532280994129526784"""
s,"""531877880771670016"""
na,"""531968891103490049"""
s,"""533000827942608896"""
o,"""534403422909235200"""
s,"""531992988210036736"""
s,"""532668378973229056"""
na,"""534373721033957376"""
s,"""533141443087323136"""
o,"""533757737927471106"""
s,"""532585048693030914"""
na,"""532605360620568577"""
s,"""532304896826306561"""
o,"""531922075599265793"""
s,"""532024556190703616"""
na,"""533071579123838976"""
o,"""532204550548385792"""
na,"""531872210303352832"""
na,"""533019656895102976"""
s,"""532560920002981888"""
o,"""531849620255547392"""
o,"""532321395556880384"""
o,"""531995532026064896"""
o,"""532493202922958849"""
o,"""532750957608992768"""
o,"""532924491785981952"""
s,"""533500162484609024"""
na,"""533125451414126592"""
o,"""531939128208670720"""
na,"""532241171830300672"""
o,"""531912799174533123"""
na,"""532280181042741251"""
s,"""531971338022293505"""
na,"""531862721248366593"""
s,"""532031294759124992"""
s,"""531942595933372416"""
na,"""532066343072591872"""
na,"""531871008727134208"""
o,"""531851967472369664"""
na,"""531964427797409792"""
s,"""532457299365732352"""
o,"""534043714591526912"""
na,"""530410226428571648"""
na,"""532173231742935040"""
na,"""532172859544576000"""
o,"""532218337904701441"""
na,"""532981065288540161"""
s,"""532378286287233024"""
o,"""532942649364598784"""
na,"""533279152112435200"""
o,"""533017076567642113"""
s,"""534072506517573632"""
na,"""531830389921153024"""
na,"""531940576896114688"""
o,"""531841905126948864"""
s,"""531830933109100545"""
na,"""529291248327487488"""
s,"""532310424042356736"""
s,"""531861205443309569"""
na,"""531974058330836992"""
s,"""531996656707710976"""
na,"""531886269618716673"""
na,"""532522227359834112"""
s,"""531850608915914752"""
s,"""531840322763259905"""
na,"""533027033572319232"""
na,"""532048844482424832"""
s,"""531996124123377667"""
s,"""532926469807566848"""
s,"""533272265123954688"""
o,"""532180109923713024"""
na,"""532111226117971969"""
o,"""534494374348853248"""
o,"""532529373379694592"""
o,"""531859796962865152"""
na,"""533419721501462528"""
o,"""532671376436367360"""
o,"""531887246857625600"""
s,"""534436343368404992"""
o,"""533335056803450881"""
o,"""533298379435282433"""
na,"""532371754480447488"""
na,"""531820594245816320"""
s,"""531871469861863424"""
na,"""531862506696765442"""
s,"""532883388957720576"""
na,"""532641092676911104"""
na,"""531919937246609408"""
s,"""531896485936246784"""
o,"""532729294733443073"""
s,"""529839243074764800"""
s,"""531985301741514753"""
s,"""531891465828728832"""
o,"""532666668741181440"""
s,"""534436273251827712"""
s,"""531837420179062784"""
na,"""531938935472017408"""
s,"""532010642169806848"""
s,"""531939555386347521"""
s,"""532037611817152512"""
na,"""531866262796660736"""
s,"""531904441818300416"""
s,"""533230108774244353"""
s,"""531898338182823936"""
na,"""530728452564213761"""
s,"""530473840980537345"""
s,"""531955855529238528"""
na,"""533347349758636032"""
s,"""531948645730758656"""
o,"""531984796902109184"""
na,"""531897184271486976"""
o,"""532216930426290176"""
o,"""533799878237769728"""
s,"""531887901064581120"""
o,"""532621897955958784"""
s,"""531826532440748032"""
o,"""532161302446493696"""
s,"""532203465821282304"""
na,"""530059313239179264"""
s,"""532216346449567745"""
na,"""531875672122073088"""
o,"""532239954269597696"""
s,"""531925880730574848"""
s,"""534022167973752834"""
na,"""531949859633258497"""
o,"""533314728169574400"""
s,"""532007249519321089"""
s,"""531952748653469696"""
s,"""533055932993777664"""
o,"""533059585507332096"""
o,"""534087775545733120"""
s,"""531992393231634433"""
s,"""531927823305302016"""
o,"""532173701241143296"""
s,"""532025032021913600"""
o,"""532140026650324993"""
s,"""532233793495891968"""
na,"""532172971889410048"""
o,"""532246865883168768"""
s,"""531998716681797632"""
s,"""532199493781823488"""
na,"""532311158342955008"""
na,"""533828087151337472"""
s,"""531850194313564160"""
s,"""530420870666551297"""
o,"""532035301188067328"""
o,"""533445159753887746"""
s,"""531891628827754496"""
o,"""531969829545463808"""
s,"""531856198811656193"""
s,"""531884831030779904"""
s,"""533071186058436608"""
s,"""533099508788629506"""
o,"""533282432569839616"""
o,"""533410394002694144"""
na,"""532004106203066369"""
s,"""532154764478672897"""
s,"""532976386353287169"""
na,"""532251863014309888"""
na,"""531822008007266304"""
s,"""532588781913014272"""
o,"""532021826642530304"""
o,"""531960422795345921"""
s,"""533319821325135872"""
s,"""532008460347768832"""
na,"""531898396932468736"""
o,"""531991426272616449"""
na,"""532311881554227201"""
s,"""531952117448441856"""
na,"""532557480320958464"""
na,"""532226786437136385"""
s,"""531978348147113984"""
na,"""533051407776362496"""
s,"""532599407280414722"""
s,"""531997854718758912"""
o,"""531983235887427585"""
o,"""532970766162477056"""
o,"""532130316706906112"""
o,"""532668760759742464"""
s,"""531957786268020736"""
o,"""532029100140290049"""
s,"""532818251588575232"""
na,"""533247097198628865"""
na,"""532161107931054080"""
o,"""533071159336919040"""
na,"""532295981845729280"""
o,"""531913588378583042"""
na,"""532147299846463488"""
s,"""532308323107098625"""
na,"""534448450645934080"""
na,"""529379675718434816"""
na,"""533763073991925760"""
o,"""532334196480815104"""
o,"""532011697951629312"""
s,"""530439341253066753"""
s,"""531840199220019200"""
o,"""533144712580853761"""
o,"""532939533382610944"""
o,"""532007760658198528"""
o,"""531987683237965824"""
s,"""531844750584717312"""
na,"""531923276788817920"""
o,"""531849454199271424"""
s,"""532229446523441152"""
s,"""531971137665007617"""
s,"""530070156395810816"""
na,"""530863803572170752"""
s,"""532319123858923520"""
o,"""531857987389108224"""
s,"""533285581246054400"""
o,"""532579099294707712"""
na,"""531968520712896512"""
o,"""532022608351342592"""
o,"""534044467930468352"""
s,"""532191561518694400"""
o,"""534382773654413312"""
o,"""531888240832176128"""
s,"""532549767508000768"""
s,"""532260155824816129"""
s,"""531895031104536576"""
s,"""532546567904169984"""
s,"""531881153083367424"""
na,"""532008532993126401"""
o,"""532467529004756992"""
o,"""533615792391475200"""
o,"""532669361342148609"""
na,"""531834327684759552"""
s,"""532676711201382400"""
o,"""533689485704175616"""
na,"""532175696932925440"""
o,"""534129601874636801"""
s,"""533016296217407488"""
na,"""531868589276807168"""
o,"""531930312407023616"""
o,"""533341298166480896"""
na,"""532800075450568705"""
s,"""529988072570904576"""
o,"""531935471195000833"""
na,"""532471569646252032"""
o,"""532155516240535552"""
na,"""531855138164461568"""
s,"""533642324073398272"""
na,"""532672283190771713"""
s,"""532658927582720002"""
o,"""532882826098532354"""
s,"""531907226529980416"""
s,"""531881773341634560"""
o,"""531969316241952768"""
o,"""532987147461345280"""
s,"""533482155133792256"""
na,"""531949634357583872"""
na,"""532095309816803328"""
s,"""532946663577382912"""
na,"""532317251555168256"""
na,"""531854765190180864"""
s,"""531656211133759488"""
na,"""532149859046789120"""
s,"""532684453249048577"""
s,"""531952488610811906"""
s,"""532021952844947457"""
o,"""532091099834486785"""
s,"""531978637260914689"""
s,"""531987969092366338"""
s,"""531851436888719360"""
s,"""533027676278108160"""
na,"""532648665840910338"""
na,"""532257225520062464"""
o,"""531919746338680832"""
o,"""533299065572712448"""
o,"""532230052331917312"""
s,"""533803703099092992"""
o,"""532908345762791425"""
o,"""532005786214744064"""
o,"""531961325321469954"""
na,"""532092572106096640"""
o,"""531988133584187392"""
s,"""532575401936027648"""
s,"""531853216875806720"""
o,"""531936134436503552"""
na,"""531854241238102016"""
s,"""532452932113805312"""
na,"""533372407944183808"""
s,"""532613165096652800"""
o,"""534433327391211521"""
s,"""530235579326554112"""
s,"""534427903732502529"""
o,"""531959550656524289"""
o,"""532188173414445056"""
o,"""533281790392553473"""
s,"""532050017381404672"""
na,"""533127991904440320"""
s,"""533648835890130944"""
o,"""533310290692423680"""
s,"""532011799491907584"""
o,"""532035645070254080"""
s,"""533630149015920640"""
o,"""533111002033045504"""
s,"""533110047879229440"""
o,"""532242249296261120"""
s,"""532296532075511808"""
o,"""532082520989659136"""
s,"""531970281481318400"""
s,"""531956426777034752"""
o,"""532192191767388160"""
s,"""532473625945710592"""
s,"""532908429048680449"""
na,"""533129958361935872"""
na,"""534201628271071232"""
o,"""532236445226774528"""
na,"""531938937585954816"""
na,"""532165868185088000"""
na,"""532109535821844480"""
na,"""533372253551882240"""
s,"""532687752501161984"""
s,"""531985473133350912"""
o,"""533268357769068544"""
na,"""529243618574209024"""
s,"""531995730123440129"""
na,"""533360323961446400"""
na,"""532204349284311041"""
na,"""533246318588608512"""
o,"""532683977514315776"""
o,"""531951693119127552"""
o,"""531841435507515392"""
na,"""533756884029681664"""
na,"""532614414017765376"""
o,"""532656417774518272"""
s,"""532290355543425024"""
o,"""531859749558439936"""
o,"""532576562231922688"""
o,"""532045735819505664"""
o,"""533077562365202433"""
na,"""531985692554190849"""
s,"""533631199076687872"""
o,"""531856799977062400"""
na,"""531951788392333312"""
s,"""532394131398881280"""
na,"""529261319384748032"""
o,"""531920346812018689"""
na,"""533493646419439616"""
na,"""532114401751351297"""
o,"""533837235196407808"""
o,"""531884052736147456"""
s,"""534062098196602880"""
s,"""533252591791378432"""
s,"""533713434916192256"""
o,"""532358391663165441"""
o,"""531928397023178752"""
na,"""531862342867644416"""
s,"""532661849154547712"""
o,"""533129003712802817"""
na,"""530768456879472640"""
o,"""532170650136244224"""
na,"""533335093490634752"""
na,"""530602770773319680"""
na,"""532770211720859648"""
o,"""532242473641574400"""
o,"""531913404542623744"""
s,"""533457181102714881"""
o,"""534044715683811328"""
o,"""531927339639504897"""
o,"""534416798796746753"""
o,"""532906508963827712"""
na,"""531916919851737088"""
o,"""534371971698786304"""
s,"""534026632948748288"""
o,"""532330588644978689"""
o,"""534044186312331264"""
s,"""532163388936568832"""
s,"""531864205205323776"""
o,"""532549407757987840"""
s,"""533349160851079169"""
o,"""532732834013007872"""
na,"""531970502039191553"""
s,"""532149786284412928"""
s,"""532642007014178816"""
s,"""529733001316298752"""
s,"""532694070670655488"""
na,"""531857743137603586"""
na,"""531911669161545728"""
o,"""532237952047652864"""
s,"""532349018803044353"""
s,"""534099460171649024"""
o,"""533579509081976833"""
s,"""534350098915135488"""
o,"""531826815065542657"""
o,"""532021098259705856"""
o,"""533711194264444928"""
na,"""532695514622742530"""
na,"""531843422609756162"""
na,"""533051402759966720"""
s,"""532156279620665344"""
o,"""531933123597320192"""
s,"""531917798352494592"""
na,"""532289959999594496"""
o,"""533142720299425792"""
o,"""533415047536861184"""
s,"""531975940189224960"""
s,"""533826221071945728"""
s,"""532242468381921280"""
na,"""533934923405885441"""
o,"""534111778121465856"""
s,"""532224330315628544"""
s,"""531876372835082240"""
na,"""532348210485161986"""
o,"""531935495560126465"""
o,"""532602025557491712"""
s,"""533700497622855680"""
o,"""533302744124125184"""
na,"""533370652141813760"""
o,"""532398175731318784"""
o,"""531950962890768384"""
s,"""531987637423579136"""
na,"""532547427509628928"""
o,"""532011125005893632"""
o,"""532678557466886144"""
s,"""531875578434318336"""
o,"""531865630102667264"""
na,"""531892312457363456"""
na,"""532687224618647553"""
o,"""532006688866725888"""
s,"""532569243301462016"""
o,"""532690155300474880"""
na,"""533442267076624385"""
s,"""532140910545756161"""
o,"""533030729266233344"""
o,"""531844712748302336"""
o,"""533398768679272449"""
s,"""534432323001798656"""
s,"""532118058878631937"""
s,"""533077854008135680"""
o,"""531912358361190400"""
s,"""531898670875422720"""
o,"""532896027662368768"""
na,"""532608530357182464"""
s,"""533966652866457600"""
s,"""532241681664737280"""
o,"""531849574596354048"""
na,"""531868046491918336"""
o,"""532881786934939648"""
s,"""532790102779760640"""
s,"""533696721633542145"""
s,"""531956761562214400"""
s,"""531942831183515648"""
o,"""532953787351060480"""
s,"""531902733826416640"""
na,"""529756818747052032"""
na,"""530226235842904064"""
o,"""534274740727189504"""
s,"""531925335819182082"""
na,"""531857098649260032"""
na,"""532181327161098240"""
s,"""531846592622379008"""
na,"""532797274171392000"""
s,"""533022762793586688"""
s,"""532718737204318209"""
